name,guide_seq,chrom,cut_pos,guide_strand,gene,gene_strand,w_codon_num,w_gene_pos,w_chrom_pos,w_size,slow,fast,original_slow,wt_seq,donor,insert_seq,target,n_off_targets,edits,edit_in_pam,edits_in_guide,edit_position,repeat_length,replicates,padj_init_fixed,l2fc_init_fixed,l2fc_SE_init_fixed,vf_init_fixed
variant_3_YOR026W_315_guide_chrXV_-_380100,CGTCTCCATATTTGCATATT,chrXV,380100,-,YOR026W,+,105,315,380095,1,CGA,AGA,CGA,TCAGGCCATCCCATGACGCGGCAATGAGTTTATCGTCTCCATATTTGCATATTCGGCAAATACCCAAATTGGCTTCATTGTTCGTCAAAGCTTGGAAGCT,TCAGGCCATCCCATGACGCGGCAATGAGTTTATCGTCTCCATATTTGCATATTCTGCAAATACCCAAATTGGCTTCATTGTTCGTCAAAGCTTGGAAGCT,GAGTTACTGTCTGTTTTCCTTCAGGCCATCCCATGACGCGGCAATGAGTTTATCGTCTCCATATTTGCATATTCTGCAAATACCCAAATTGGCTTCATTGTTCGTCAAAGCTTGGAAGCTAGGAAACCCGTTTCTTCTGACGTAAGGGTGCGCACGTCTCCATATTTGCATATTGTTTCAGAGCTATGCTGGAA,w1_YOR026W_105,0.0,1,True,0,,3,1,4.77935823299348e-06,-0.28473242181392105,0.0518877988725043,1.3565234507622037
variant_3_YPR183W_474_guide_chrXVI_+_901227,ATCGCCTCCGACCCCATGAG,chrXVI,901227,+,YPR183W,+,158,474,901228,1,AGC,TCT,AGC,TCCACTGCTAGAATGATGGCCAGACCTTTGACCATCGCCTCCGACCCCATGAGCGGGTTCTTCGGTCTACAAAAGAAGTACCTCGAAAACTGCAACCCTA,TCCACTGCTAGAATGATGGCCAGACCTTTGACCATCGCCTCCGACCCCATGTCTGGGTTCTTCGGTCTACAAAAGAAGTACCTCGAAAACTGCAACCCTA,GAGTTACTGTCTGTTTTCCTTCCACTGCTAGAATGATGGCCAGACCTTTGACCATCGCCTCCGACCCCATGTCTGGGTTCTTCGGTCTACAAAAGAAGTACCTCGAAAACTGCAACCCTAAGGAAACCCGTTTCTTCTGACGTAAGGGTGCGCAATCGCCTCCGACCCCATGAGGTTTCAGAGCTATGCTGGAA,w1_YPR183W_158,0.0,3,False,2,-1.0,4,3,4.16386474553772e-16,0.37811608081652,0.0431336169819615,2.041164817849626
variant_3_YPR183W_474_guide_chrXVI_-_901229,TAGACCGAAGAACCCGCTCA,chrXVI,901229,-,YPR183W,+,158,474,901228,1,AGC,TCT,AGC,CCTAGGGTTGCAGTTTTCGAGGTACTTCTTTTGTAGACCGAAGAACCCGCTCATGGGGTCGGAGGCGATGGTCAAAGGTCTGGCCATCATTCTAGCAGTG,CCTAGGGTTGCAGTTTTCGAGGTACTTCTTTTGTAGACCGAAGAACCCAGACATGGGGTCGGAGGCGATGGTCAAAGGTCTGGCCATCATTCTAGCAGTG,GAGTTACTGTCTGTTTTCCTCCTAGGGTTGCAGTTTTCGAGGTACTTCTTTTGTAGACCGAAGAACCCAGACATGGGGTCGGAGGCGATGGTCAAAGGTCTGGCCATCATTCTAGCAGTGAGGAAACCCGTTTCTTCTGACGTAAGGGTGCGCATAGACCGAAGAACCCGCTCAGTTTCAGAGCTATGCTGGAA,w1_YPR183W_158,0.0,3,False,3,-3.0,4,3,0.00145891999706933,0.283687893228634,0.0661354776120576,0.7747187391494964
variant_3_YPR183W_474_guide_chrXVI_-_901227,GACCGAAGAACCCGCTCATG,chrXVI,901227,-,YPR183W,+,158,474,901228,1,AGC,TCT,AGC,TAGGGTTGCAGTTTTCGAGGTACTTCTTTTGTAGACCGAAGAACCCGCTCATGGGGTCGGAGGCGATGGTCAAAGGTCTGGCCATCATTCTAGCAGTGGA,TAGGGTTGCAGTTTTCGAGGTACTTCTTTTGTAGACCGAAGAACCCAGACATGGGGTCGGAGGCGATGGTCAAAGGTCTGGCCATCATTCTAGCAGTGGA,GAGTTACTGTCTGTTTTCCTTAGGGTTGCAGTTTTCGAGGTACTTCTTTTGTAGACCGAAGAACCCAGACATGGGGTCGGAGGCGATGGTCAAAGGTCTGGCCATCATTCTAGCAGTGGAAGGAAACCCGTTTCTTCTGACGTAAGGGTGCGCAGACCGAAGAACCCGCTCATGGTTTCAGAGCTATGCTGGAA,w1_YPR183W_158,0.0,3,False,3,-5.0,4,3,6.03125344117962e-05,0.29965180455328805,0.0601496943055602,0.9078208228257564
variant_3_YML049C_45_guide_chrXIII_+_178258,GTTTACGCATCTTCGCCGTG,chrXIII,178258,+,YML049C,-,15,45,178257,1,ACG,ACT,ACG,CATAAGCCATCGTTGTGCTAGCTTGCCCAAATAGTTTACGCATCTTCGCCGTGTGGGGCGACAAGCTTACTACTGCCATTTTGCCACCTCCCCACATTTA,CATAAGCCATCGTTGTGCTAGCTTGCCCAAATAGTTTACGCATCTTCGCAGTGTGGGGCGACAAGCTTACTACTGCCATTTTGCCACCTCCCCACATTTA,GAGTTACTGTCTGTTTTCCTCATAAGCCATCGTTGTGCTAGCTTGCCCAAATAGTTTACGCATCTTCGCAGTGTGGGGCGACAAGCTTACTACTGCCATTTTGCCACCTCCCCACATTTAAGGAAACCCGTTTCTTCTGACGTAAGGGTGCGCAGTTTACGCATCTTCGCCGTGGTTTCAGAGCTATGCTGGAA,w1_YML049C_15,0.0,1,False,1,-4.0,4,3,1.46877116959549e-05,-0.25743410715823,0.0488055124528811,1.518355879760569
variant_3_YML049C_45_guide_chrXIII_+_178260,TTACGCATCTTCGCCGTGTG,chrXIII,178260,+,YML049C,-,15,45,178257,1,ACG,ACT,ACG,TAAGCCATCGTTGTGCTAGCTTGCCCAAATAGTTTACGCATCTTCGCCGTGTGGGGCGACAAGCTTACTACTGCCATTTTGCCACCTCCCCACATTTAAT,TAAGCCATCGTTGTGCTAGCTTGCCCAAATAGTTTACGCATCTTCGCAGTGTGGGGCGACAAGCTTACTACTGCCATTTTGCCACCTCCCCACATTTAAT,GAGTTACTGTCTGTTTTCCTTAAGCCATCGTTGTGCTAGCTTGCCCAAATAGTTTACGCATCTTCGCAGTGTGGGGCGACAAGCTTACTACTGCCATTTTGCCACCTCCCCACATTTAATAGGAAACCCGTTTCTTCTGACGTAAGGGTGCGCATTACGCATCTTCGCCGTGTGGTTTCAGAGCTATGCTGGAA,w1_YML049C_15,0.0,1,False,1,-6.0,4,3,0.00013451244872685,-0.278611692726304,0.05786891084313501,1.1638837577999654
variant_3_YML049C_45_guide_chrXIII_-_178262,AGTAAGCTTGTCGCCCCACA,chrXIII,178262,-,YML049C,-,15,45,178257,1,ACG,ACT,ACG,TCATTAAATGTGGGGAGGTGGCAAAATGGCAGTAGTAAGCTTGTCGCCCCACACGGCGAAGATGCGTAAACTATTTGGGCAAGCTAGCACAACGATGGCT,TCATTAAATGTGGGGAGGTGGCAAAATGGCAGTAGTAAGCTTGTCGCCCCACACTGCGAAGATGCGTAAACTATTTGGGCAAGCTAGCACAACGATGGCT,GAGTTACTGTCTGTTTTCCTTCATTAAATGTGGGGAGGTGGCAAAATGGCAGTAGTAAGCTTGTCGCCCCACACTGCGAAGATGCGTAAACTATTTGGGCAAGCTAGCACAACGATGGCTAGGAAACCCGTTTCTTCTGACGTAAGGGTGCGCAAGTAAGCTTGTCGCCCCACAGTTTCAGAGCTATGCTGGAA,w1_YML049C_15,0.0,1,True,0,,4,3,0.160642649713258,-0.21011152161742006,0.0791006478758681,0.5284349754936356
variant_3_YHR070W_1380_guide_chrVIII_+_236264,CCGTATTATTGCCGCGCTCA,chrVIII,236264,+,YHR070W,+,460,1380,236260,1,GCG,GCT,GCG,CACTGAGGACGAGTTGCATGCACGCGTTCATGCCCGTATTATTGCCGCGCTCAAGGTCACTGCAGACGATCTTCCGTTGAATGCCGTTTCGTTGCATTTG,CACTGAGGACGAGTTGCATGCACGCGTTCATGCCCGTATTATTGCCGCTCTCAAGGTCACTGCAGACGATCTTCCGTTGAATGCCGTTTCGTTGCATTTG,GAGTTACTGTCTGTTTTCCTCACTGAGGACGAGTTGCATGCACGCGTTCATGCCCGTATTATTGCCGCTCTCAAGGTCACTGCAGACGATCTTCCGTTGAATGCCGTTTCGTTGCATTTGAGGAAACCCGTTTCTTCTGACGTAAGGGTGCGCACCGTATTATTGCCGCGCTCAGTTTCAGAGCTATGCTGGAA,w1_YHR070W_460,0.0,1,False,1,-5.0,3,2,1.1980511674943e-09,0.25309782573182105,0.0369506784999805,2.6740736514608674
variant_3_YHR070W_1380_guide_chrVIII_-_236264,GTCTGCAGTGACCTTGAGCG,chrVIII,236264,-,YHR070W,+,460,1380,236260,1,GCG,GCT,GCG,CAAATGCAACGAAACGGCATTCAACGGAAGATCGTCTGCAGTGACCTTGAGCGCGGCAATAATACGGGCATGAACGCGTGCATGCAACTCGTCCTCAGTG,CAAATGCAACGAAACGGCATTCAACGGAAGATCGTCTGCAGTGACCTTGAGAGCGGCAATAATACGGGCATGAACGCGTGCATGCAACTCGTCCTCAGTG,GAGTTACTGTCTGTTTTCCTCAAATGCAACGAAACGGCATTCAACGGAAGATCGTCTGCAGTGACCTTGAGAGCGGCAATAATACGGGCATGAACGCGTGCATGCAACTCGTCCTCAGTGAGGAAACCCGTTTCTTCTGACGTAAGGGTGCGCAGTCTGCAGTGACCTTGAGCGGTTTCAGAGCTATGCTGGAA,w1_YHR070W_460,0.0,1,False,1,-2.0,3,2,0.008311549916057159,0.214699304479026,0.05615579121257799,1.2552060538079086
variant_3_YER018C_555_guide_chrV_-_192071,CGTGATCGGAAACTCTCACC,chrV,192071,-,YER018C,-,185,555,192066,1,CCG,CCA,CCG,CTGCTGGATCGAAGTCGCGATGCACGGAGACCACGTGATCGGAAACTCTCACCCGGCGCTGGACCCCAAGAGTCGGGCAACACTTGAGCACGTGCTTACC,CTGCTGGATCGAAGTCGCGATGCACGGAGACCACGTGATCGGAAACTCTCACCCAGCGCTGGACCCCAAGAGTCGGGCAACACTTGAGCACGTGCTTACC,GAGTTACTGTCTGTTTTCCTCTGCTGGATCGAAGTCGCGATGCACGGAGACCACGTGATCGGAAACTCTCACCCAGCGCTGGACCCCAAGAGTCGGGCAACACTTGAGCACGTGCTTACCAGGAAACCCGTTTCTTCTGACGTAAGGGTGCGCACGTGATCGGAAACTCTCACCGTTTCAGAGCTATGCTGGAA,w1_YER018C_185,0.0,1,True,0,,4,2,3.82630932448752e-09,0.6217315697476171,0.0931093569286538,0.5262864344778474
variant_3_YER018C_555_guide_chrV_-_192065,CGGAAACTCTCACCCGGCGC,chrV,192065,-,YER018C,-,185,555,192066,1,CCG,CCA,CCG,GATCGAAGTCGCGATGCACGGAGACCACGTGATCGGAAACTCTCACCCGGCGCTGGACCCCAAGAGTCGGGCAACACTTGAGCACGTGCTTACCGTCCAG,GATCGAAGTCGCGATGCACGGAGACCACGTGATCGGAAACTCTCACCCAGCGCTGGACCCCAAGAGTCGGGCAACACTTGAGCACGTGCTTACCGTCCAG,GAGTTACTGTCTGTTTTCCTGATCGAAGTCGCGATGCACGGAGACCACGTGATCGGAAACTCTCACCCAGCGCTGGACCCCAAGAGTCGGGCAACACTTGAGCACGTGCTTACCGTCCAGAGGAAACCCGTTTCTTCTGACGTAAGGGTGCGCACGGAAACTCTCACCCGGCGCGTTTCAGAGCTATGCTGGAA,w1_YER018C_185,0.0,1,False,1,-5.0,4,2,1.2365721504429e-17,0.635185990247497,0.0693227020730764,0.7202739892336573
